{
  "ticker": "ETH",
  "timestamp": "2025-09-19T22:30:57.189507",
  "market_data": {
    "mid_price": 4463.26,
    "sigma": 0.016928400188686365,
    "A": 0.1434340858748005,
    "k": 0.05573856339303902
  },
  "optimal_parameters": { "gamma": 7.2524066666666664 },
  "current_state": {
    "time_remaining": 0.5,
    "inventory": 1,
    "hours_window": 4,
    "ma_window": 3
  },
  "calculated_values": {
    "reservation_price": 4463.258960836253,
    "gap": 0.0010391637470092974,
    "spread_base": 1.345716252553498,
    "half_spread": 0.672858126276749
  },
  "limit_orders": {
    "ask_price": 4463.930779798783,
    "bid_price": 4462.585063546229,
    "delta_a": 0.6718189625297397,
    "delta_b": 0.6738972900237583,
    "delta_a_percent": 0.015052203154863029,
    "delta_b_percent": 0.015098768389557371
  }
}
