{
  "ticker": "PAXG",
  "timestamp": "2025-09-26T06:50:41.883626",
  "market_data": {
    "mid_price": 3751.7200000000003,
    "sigma": 0.0010007943091604674,
    "A": 0.07295880837894253,
    "k": 0.35344784582396055
  },
  "optimal_parameters": {
    "gamma": 1.7131166666666668
  },
  "current_state": {
    "time_remaining": 0.5,
    "inventory": 1,
    "minutes_window": 10,
    "hours_window": 0.16666666666666666,
    "ma_window": 3
  },
  "calculated_values": {
    "reservation_price": 3751.7199991420807,
    "gap": 8.579195309721399e-7,
    "spread_base": 2.0616315082748855,
    "half_spread": 1.0308157541374428
  },
  "limit_orders": {
    "ask_price": 3752.750814038299,
    "bid_price": 3750.6891825300236,
    "delta_a": 1.0308148962179118,
    "delta_b": 1.0308166120569737,
    "delta_a_percent": 0.027475795001170443,
    "delta_b_percent": 0.02747584073590176
  }
}
